state,year,ev_registrations,total_vehicles,ev_share_percent,stations,total_charging_outlets,level_1,level_2,dc_fast,fuel_economy,incentives,population_20_64,education_bachelor,labour_force_participation_rate,unemployment_rate,bachelor_attainment,per_cap_income,affectweather,devharm,discuss,exp,localofficials,personal,reducetax,regulate,worried,price_cents_per_kwh,gasoline_price_per_gallon,party
Alabama,2018,1300,4476700,0.03,165,395,72,261,62,54,10,2825611,664685,71.3,5.2,23.52,27525,52.66,54.44,30.01,39.92,56.91,40.85,63.57,75.06,58.54,9.63,2.243,Republican
Alabama,2019,2000,4593200,0.04,195,506,56,385,65,32.96,10,2823485,687404,72.6,4.7,24.35,28650,49.22,55.19,27.26,31.87,52.75,35.54,60.31,68.2,51.38,9.83,2.295,Republican
Alabama,2020,2900,4683200,0.06,224,598,56,451,91,30.63,12,2856423,709463,72.6,4.9,24.835,29629,53.33,58,26.17,37.28,50.57,40.11,62.84,69.7,56.11,9.84,2.327,Republican
Alabama,2021,4700,4747600,0.1,277,682,35,529,118,28.52,13,2889360,731521,72.5,5.1,25.32,30608,53.64,61.12,27.3,38.02,54.74,40.62,60.92,67.15,57.56,10.18,2.49,Republican
Alabama,2022,8700,4795500,0.18,327,851,35,578,238,28.47,14,2907037,764167,73.8,4.2,26.29,33777,49.63,59.27,26.96,37.02,50.83,38.63,60.83,68.41,54.59,11.59,2.651,Republican
Alabama,2023,13000,4835900,0.27,424,1096,35,704,357,26.3,16,2900643,772092,74.1,3.5,26.62,35046,50.28,58.17,27.69,36.36,51.68,39.06,62.16,69.01,54.95,11.47,2.742,Republican
Alaska,2018,500,613900,0.08,7,11,0,11,0,54,12,446460,117735,78.6,6.3,26.37,35735,57.48,61.28,40.87,42.23,55.98,41.69,63.01,74.57,62.31,19.36,2.94,Republican
Alaska,2019,700,602500,0.12,19,34,0,30,4,32.96,12,441106,118296,77.1,5.3,26.82,36978,54.94,61.08,43.08,36.73,54.36,39.8,61.41,71.68,57.8,20.22,3.008,Republican
Alaska,2020,900,586100,0.15,37,68,0,63,5,30.63,12,437165,121818,77.7,5.95,27.875,38243.5,60.92,64.12,39.61,40.24,51.33,41.09,64.15,70.5,60.71,19.82,3.05,Republican
Alaska,2021,1300,569100,0.23,52,94,3,75,16,28.52,15,433224,125339,78.2,6.6,28.93,39509,62.25,67.51,39.19,41.39,55.13,43.2,63.35,69.14,63.23,20.02,3.264,Republican
Alaska,2022,2000,562100,0.36,61,113,3,81,29,28.47,15,440003,119112,79.6,4.2,27.07,43054,59.17,66.43,37.6,43.01,51.22,42.31,63.75,71.07,61.53,20.73,3.476,Republican
Alaska,2023,2700,559800,0.48,65,124,3,87,34,26.3,15,440628,126853,79.2,4.5,28.79,45792,60.66,65.95,38.61,43.68,53.11,43.28,65.38,71.61,62.49,21.41,3.594,Republican
Arizona,2018,12600,6033300,0.21,480,1227,3,996,228,54,44,4070854,1065567,75.5,4.8,26.18,30530,60.31,61.14,40.29,42.64,56.33,45.29,64.18,75.91,63.76,10.85,2.682,Republican
Arizona,2019,19500,6217700,0.31,522,1476,3,1169,304,32.96,44,4128298,1086752,76.1,4.5,26.32,32173,58.4,61.22,40,40.05,53.55,42.51,62.29,71.2,60.81,10.52,2.744,Republican
Arizona,2020,28800,6285600,0.46,573,1788,3,1412,373,30.63,44,4131411,1135443,76.4,4.95,27.48,34234,63.55,64,38.06,43.84,51.25,43.4,64.02,73.07,63.58,10.44,2.782,Democratic
Arizona,2021,40700,6359200,0.64,890,2259,10,1825,424,28.52,50,4134524,1184134,76.7,5.4,28.64,36295,64.22,67.54,37.3,46.52,57.36,47.8,62.91,71.21,65.73,10.73,2.977,Democratic
Arizona,2022,65800,6490500,1.01,984,2661,9,2043,609,28.47,50,4194186,1217980,77.5,3.9,29.04,39819,61.73,66.18,36.23,44.68,53.52,45.94,62.79,72.52,63.2,11.31,3.17,Democratic
Arizona,2023,89800,6529000,1.38,1198,3506,9,2478,1019,26.3,50,4211120,1264694,77.9,3.8,30.03,41290,63.12,65.85,37.28,44.87,55.67,46.92,64.73,73.19,64.32,12.19,3.278,Democratic
Arkansas,2018,600,2591500,0.02,70,124,3,101,20,54,21,1714011,363722,72.4,4,21.22,26626,53.17,57.23,31.77,38.39,55.53,39.68,64.21,73.79,58.73,7.78,2.258,Republican
Arkansas,2019,900,2594900,0.03,98,290,2,252,36,32.96,21,1710129,368040,73.4,4.2,21.52,27274,50.78,57.28,30.39,31.68,52.3,34.92,61.67,68.92,53.68,8.22,2.31,Republican
Arkansas,2020,1300,2645300,0.05,112,350,2,296,52,30.63,21,1711610,380522,74,4.75,22.23,28263,55.72,60.59,28.68,39.86,48.59,38.73,65.83,70.04,56.56,8.32,2.343,Republican
Arkansas,2021,2400,2690900,0.09,164,463,3,394,66,28.52,22,1713090,393003,74.5,5.3,22.94,29252,55.89,63.91,29.34,38.58,54.65,40.61,62.73,67.11,59.38,9.1,2.507,Republican
Arkansas,2022,5100,2685400,0.19,218,590,3,509,78,28.47,22,1728688,401468,72.7,4.2,23.22,31380,51.26,60.88,27.61,37.97,49.86,38.45,61.56,68.33,55.74,9.91,2.67,Republican
Arkansas,2023,7100,2708300,0.26,334,833,3,709,121,26.3,24,1731063,419237,74.5,3.9,24.22,33012,52.43,60.02,28.37,37.78,50.82,39.08,63.39,68.58,56.21,9.73,2.76,Republican
California,2018,273500,32814500,0.83,5480,21166,641,17778,2657,54,118,23858755,7346033,77.5,5.2,30.79,37124,67.21,68.47,45.88,51.57,61.48,51.55,72.03,79.07,69.74,16.58,3.87,Democratic
California,2019,349700,33671900,1.04,6439,27199,532,22933,3661,32.96,123,23741665,7545298,78,4.7,31.78,39393,64.51,68.48,46.61,51.82,60.51,51.74,70.12,74.43,71.42,16.89,3.959,Democratic
California,2020,425300,34339500,1.24,7689,34924,498,28885,5497,30.63,124,23609350,7654456,77.7,6.35,32.425,40894.5,69.28,71.42,44.81,50.57,57.1,48.69,72.05,76.06,70.48,18,4.015,Democratic
California,2021,563100,35000500,1.61,14607,41237,648,33723,6824,28.52,145,23477035,7763614,77.4,8,33.07,42396,70.14,74.26,42.65,53.36,61.89,54.32,71.06,74.12,72.7,19.65,4.296,Democratic
California,2022,903600,36119800,2.5,14609,43589,559,34366,8634,28.47,148,23347658,7860522,78.4,5,33.67,46661,67.47,73.07,41.65,52.43,59.01,51.98,70.47,75.79,70.42,22.33,4.575,Democratic
California,2023,1256600,36850300,3.41,16381,49433,648,38217,10548,26.3,151,23173030,7978166,79.2,5.2,34.43,48013,68.39,72.79,42.73,52.83,60.48,53.19,72.08,76.3,71.24,24.87,4.731,Democratic
Colorado,2018,12500,5131900,0.24,707,1788,78,1499,211,54,79,3466554,1309553,81.5,3.5,37.78,38057,62.72,62.15,42.43,42.64,55.85,44.97,64.59,76.03,64.69,10.02,2.579,Democratic
Colorado,2019,19200,5249400,0.37,861,2516,72,2195,249,32.96,81,3509903,1364304,81.7,3.3,38.87,41053,60.98,62.32,42.16,40.11,54.56,42.84,62.86,71.95,62.57,10.17,2.639,Democratic
Colorado,2020,24700,5193000,0.48,1066,3253,76,2742,435,30.63,82,3523819,1404598,81.8,4.15,39.855,42835,65.73,65.15,40.65,42.94,51.26,41.39,64.32,72.76,64.57,10.27,2.675,Democratic
Colorado,2021,37000,5286400,0.7,1619,3992,89,3320,583,28.52,92,3537735,1444892,81.8,5,40.84,44617,67.09,69.03,40.05,46.6,57.07,46.4,62.76,71.71,65.98,10.9,2.863,Democratic
Colorado,2022,59900,5387100,1.11,1787,4408,90,3585,733,28.47,93,3564038,1492924,83,3.1,41.89,49071,66.44,69.3,40.76,46.69,54.46,45.42,64.98,74.12,65.75,11.75,3.049,Democratic
Colorado,2023,90100,5441800,1.66,2165,5432,90,4414,928,26.3,97,3569927,1512640,83.4,3.4,42.37,51768,67.94,69.2,41.85,46.94,56.37,46.66,66.86,74.75,67.15,11.76,3.152,Democratic
Connecticut,2018,5000,2971400,0.17,383,837,37,670,129,54,34,2120095,780847,81.2,5.1,36.83,44026,67.25,65.75,40.8,47.78,60.88,45.81,73.35,81.03,68.8,18.41,2.489,Democratic
Connecticut,2019,6900,2972700,0.23,422,1048,76,814,157,32.96,34,2107327,779167,81.4,5,36.97,45359,64.24,65.96,41.13,42.96,58.21,43.77,72.49,77.23,68.35,18.66,2.547,Democratic
Connecticut,2020,9000,2922800,0.31,456,1240,70,926,242,30.63,34,2116002,807352,81.2,5.65,38.15,46752.5,68.89,68.62,39.64,44.58,53.97,44.06,72.38,77.03,69.66,19.13,2.582,Democratic
Connecticut,2021,13300,2872000,0.46,533,1430,76,1040,312,28.52,41,2124677,835536,81,6.3,39.33,48146,69.9,72.09,38.32,48.61,59.81,48.3,70.76,75.65,69.66,18.32,2.763,Democratic
Connecticut,2022,22000,2951300,0.75,598,1643,67,1225,349,28.47,43,2124983,824424,81.4,4.4,38.8,51581,67.24,71.02,37.87,47.75,57.02,46.15,70.72,77.34,67.89,21.08,2.943,Democratic
Connecticut,2023,31600,2945700,1.07,865,2547,64,2065,417,26.3,44,2102108,849843,82.7,4.3,40.43,53119,68.82,70.97,39.13,47.45,58.01,47,72.51,77.92,69.1,24.24,3.043,Democratic
Delaware,2018,800,878600,0.09,50,133,2,80,51,54,23,558497,157678,77.3,5.3,28.23,33745,61.38,62.7,36.64,43.66,60.27,45.4,67.87,78.33,63.38,10.55,2.425,Democratic
Delaware,2019,1300,894900,0.15,57,172,2,117,53,32.96,23,555038,171810,79.4,4.2,30.95,36858,61.37,63.66,36.22,42.52,58.92,43.47,65.7,73.43,61.12,10.52,2.481,Democratic
Delaware,2020,1900,914000,0.21,70,206,2,131,73,30.63,23,561113,178465,78.3,4.85,31.795,37827.5,64.73,65.42,35.32,43.49,56.12,42.66,65.26,74.97,63.65,10.24,2.516,Democratic
Delaware,2021,3000,909600,0.33,134,314,5,218,91,28.52,26,567188,185120,77.1,5.5,32.64,38797,66.67,69.2,34.1,49.64,61.26,48.62,64.14,72.62,64.42,10.5,2.692,Democratic
Delaware,2022,5400,913600,0.59,156,367,5,257,105,28.47,29,571842,190688,81,4.2,33.35,42571,62.03,67.94,34.09,46.09,58.22,46.24,63.72,73.44,61.73,11.83,2.867,Democratic
Delaware,2023,8400,914700,0.92,197,523,5,321,197,26.3,31,572873,191352,80.8,3.3,33.4,44350,62.94,68.12,35.47,46.12,58.49,47.1,65.97,73.81,62.85,12.85,2.964,Democratic
District Of Columbia,2018,1100,334400,0.33,124,337,43,290,4,54,0,467528,263428,82.7,7.3,56.34,55328,74.54,75.04,44.19,53,67.48,54.43,72.97,79.79,72.63,12.03,2.597,
District Of Columbia,2020,2400,318300,0.75,189,694,50,611,33,30.63,0,453181,260276,82.3,6.85,57.485,62808,78.64,78.36,45,53.65,65.3,49.52,73.82,78.66,74.27,11.9,2.694,
District Of Columbia,2021,3700,321700,1.15,291,826,43,742,41,28.52,0,438542,258968,82.1,7.7,59.05,65808,79.67,80.9,45.49,60.78,70.29,58.87,73.21,79.77,76.01,12.81,2.883,
District Of Columbia,2022,5900,319400,1.85,301,972,43,891,38,28.47,0,439920,271030,84.3,4.7,61.61,71699,76.78,79.68,45.48,58.87,68.04,57.38,74.49,81.7,74.82,14.94,3.07,
District Of Columbia,2023,8100,312100,2.6,369,1158,26,1081,51,26.3,0,444851,274268,85.6,5.1,61.65,78479,77.86,79.87,46.77,59.52,68.66,58.57,76.55,82.28,76.05,16.5,3.174,
Florida,2018,27400,16774700,0.16,1265,3027,215,2373,439,54,64,12198931,3380275,76.2,4.7,27.71,31359,60.14,61.5,36.85,44.97,61.32,45.87,67.34,78.07,64.18,10.32,2.55,Republican
Florida,2019,40300,17071200,0.24,1562,4562,305,3622,635,32.96,64,12252687,3439620,77.1,4.2,28.07,32887,58.42,61.42,35.61,41.37,58.69,43.44,65.32,74.14,61.94,10.44,2.609,Republican
Florida,2020,58200,17341700,0.34,1836,5564,294,4394,876,30.63,66,12330117,3607927,77,4.8,29.25,34541.5,63.63,64.83,34.5,44.4,57.73,43.58,67.47,74.25,64.25,10.06,2.645,Republican
Florida,2021,95600,17729600,0.54,2636,6748,372,5229,1147,28.52,68,12407546,3776233,76.9,5.4,30.43,36196,63.55,67.8,33.85,46.83,62.08,48.11,64.85,72.53,64.79,10.67,2.83,Republican
Florida,2022,168000,18128300,0.93,2923,7818,364,5827,1627,28.47,69,12650482,3977273,77.7,3.7,31.44,40278,60.48,66.54,33.43,44.79,58.39,46.72,65.11,73.92,62.73,12.51,3.014,Republican
Florida,2023,254900,18583200,1.37,3430,9763,364,7235,2164,26.3,69,12789695,4148663,78.5,3.8,32.44,41902,61.4,65.94,34.49,44.86,58.67,47.25,66.88,74.41,63.49,13.53,3.117,Republican
Georgia,2018,15900,8830100,0.18,772,2188,155,1762,271,54,25,6241122,1836344,76.6,4.4,29.42,31187,59.7,55.71,34.9,43.81,60.53,44.31,67.29,77.23,63.63,9.62,2.379,Republican
Georgia,2019,19000,8933600,0.21,882,2939,196,2395,348,32.96,25,6271430,1893485,76.8,4.4,30.19,32657,56.38,55.46,35.11,39.65,59.51,41.48,65.66,72.69,59.81,9.86,2.434,Republican
Georgia,2020,23500,9097800,0.26,1008,3661,239,2930,492,30.63,26,6322912,1961690,76.7,4.85,31.015,33871.5,62.33,58.45,32.68,43.45,57.07,43.3,66.01,72.55,62.55,9.93,2.468,Democratic
Georgia,2021,34000,9399700,0.36,1585,3947,230,3131,586,28.52,29,6374393,2029894,76.6,5.3,31.84,35086,63.11,62.21,32.18,47.08,59.71,47.98,65.14,71.04,63.9,10.43,2.641,Democratic
Georgia,2022,60100,9542400,0.63,1552,4131,230,3106,795,28.47,30,6460268,2065021,78.1,3.9,31.96,38378,59.35,61.96,32.05,43.93,56.51,45.61,64.42,72.21,60.87,12,2.812,Democratic
Georgia,2023,92400,9642400,0.96,1886,4994,230,3675,1089,26.3,32,6493223,2138391,78.3,4.2,32.93,39685,60.57,61.26,32.95,43.74,57.37,46.27,66.48,72.64,61.86,11.06,2.908,Democratic
Hawaii,2018,6600,1080700,0.61,278,536,9,445,81,54,26,824717,251343,81.2,3.7,30.48,35255,68.61,73.19,47.35,52.87,62.22,53.36,74.09,78.87,72.07,29.18,3.648,Democratic
Hawaii,2019,8800,1089700,0.81,296,666,14,575,77,32.96,26,816298,249650,80.7,3.1,30.58,36989,68.01,73.96,48.1,52.21,61.25,55.15,72.65,75.21,73.63,28.72,3.732,Democratic
Hawaii,2020,10700,1066300,1,320,759,14,649,96,30.63,26,820817,258181,80.2,5.25,31.45,37801.5,72.19,76.42,47.29,50.56,57.9,50.12,74.23,75.97,72.66,27.55,3.784,Democratic
Hawaii,2021,14200,1080800,1.31,386,839,30,724,85,28.52,28,825335,266711,79.6,7.4,32.32,38614,64.47,67.89,35.45,45.78,58.75,46.77,65.83,71.87,65.23,30.31,4.049,Democratic
Hawaii,2022,19800,1080500,1.83,405,938,30,831,77,28.47,29,818536,264889,80.4,3.5,32.36,42710,66.87,74.4,41.32,52.8,59.54,52.32,71.22,75.86,69.36,39.72,4.312,Democratic
Hawaii,2023,25600,1080100,2.37,384,860,26,766,68,26.3,29,807278,272677,80.4,3.4,33.78,43794,67.49,73.66,42.2,53.04,60.68,53.07,72.19,76.13,69.9,38.6,4.458,Democratic
Idaho,2018,1100,1760600,0.06,87,174,2,130,42,54,29,980156,244823,76.9,3.5,24.98,27816,55.62,56.23,38.97,41.4,54.43,39.84,66.07,74.81,60.54,8.17,2.7,Republican
Idaho,2019,1600,1810300,0.09,95,216,2,147,67,32.96,30,1002442,255770,78.1,2.8,25.51,29606,52.88,56.07,38.78,31.54,51.38,35.55,63.96,70.36,55.21,7.89,2.762,Republican
Idaho,2020,2300,1858400,0.12,113,281,2,196,83,30.63,30,1032917,274008,78.1,2.9,26.495,31723.5,58.8,59.73,35.37,38.79,46.46,38.9,62.95,70.37,59.45,7.99,2.801,Republican
Idaho,2021,3500,1911100,0.18,139,345,10,255,80,28.52,32,1063392,292245,78,3,27.48,33841,58.23,63.53,34.09,39.64,53.82,40.46,58.71,67.83,59.36,8.17,2.997,Republican
Idaho,2022,5900,1934200,0.31,155,382,10,285,87,28.47,32,1091836,312135,77.6,2.6,28.59,35980,55.62,61.42,31.85,40.19,49.46,40.55,59.86,70.17,57.45,8.51,3.191,Republican
Idaho,2023,8500,1974600,0.43,205,517,10,371,136,26.3,32,1096727,320388,78.5,3,29.21,37426,56.44,60.64,32.8,39.84,51.27,41.11,60.83,70.58,57.74,9.08,3.3,Republican
Illinois,2018,13600,10234400,0.13,579,1399,33,1133,233,54,54,7554854,2517054,79.9,5.2,33.32,35801,66.1,63.57,37.56,43.52,59.89,44.96,69.01,79.41,64.66,9.6,2.76,Democratic
Illinois,2019,19300,10348100,0.19,663,1864,44,1537,283,32.96,54,7478426,2546072,79.9,4.6,34.05,37728,61.72,63.59,38.16,39.76,57.39,43.68,68.38,76.87,63.73,9.56,2.823,Democratic
Illinois,2020,26000,10234200,0.25,805,2360,38,1919,403,30.63,54,7454243,2580535,79.8,5.8,34.62,38761,67.51,66.83,37.36,42.15,54.62,42.39,70.75,76.48,63.76,9.75,2.863,Democratic
Illinois,2021,36500,10027700,0.36,1079,2764,60,2197,507,28.52,57,7430060,2614998,79.6,7,35.19,39794,67.76,70.12,36.9,46.52,59.63,48.03,70.29,75.82,67.91,10.14,3.063,Democratic
Illinois,2022,66900,10037500,0.67,1342,3351,50,2615,686,28.47,61,7378881,2625203,80.6,4.5,35.58,43317,64.59,68.57,36.31,43.47,55.63,44.55,68.88,77.11,64.6,11.94,3.262,Democratic
Illinois,2023,99600,10043200,0.99,1337,3510,51,2489,970,26.3,65,7322239,2666297,81.4,4.5,36.41,45043,66.31,68.31,37.06,43.61,56.88,45.17,71.01,77.63,65.81,11.75,3.373,Democratic
Indiana,2018,3400,5908700,0.06,225,489,0,381,108,54,51,3882186,981958,78.2,4,25.29,29369,54.25,54.59,33.05,36.17,52.78,38.13,60.25,76.78,56.85,9.75,2.565,Republican
Indiana,2019,5100,5972800,0.09,239,614,0,477,137,32.96,51,3885382,977432,78.4,3.8,25.16,30988,51.87,54.81,31.51,31.7,49.95,34.66,58.17,71.29,50.66,9.91,2.624,Republican
Indiana,2020,7000,6046100,0.12,282,784,0,613,171,30.63,52,3898857,1018318,78.4,4.2,26.115,32021,57.07,57.75,28.5,35.24,48.31,37.73,61.13,72.99,53.87,9.92,2.66,Republican
Indiana,2021,10400,6097100,0.17,357,971,8,684,279,28.52,55,3912332,1059204,78.3,4.6,27.07,33054,58.02,61.62,30.03,38.23,53.47,39.8,59.73,68.96,56.89,10.36,2.847,Republican
Indiana,2022,17700,6094400,0.29,404,1093,8,747,338,28.47,55,3916848,1080594,79.2,3.4,27.59,35984,52.34,59.63,28.5,35.29,48.79,37.07,58.04,69.72,52.88,11.66,3.032,Republican
Indiana,2023,26100,6172100,0.42,565,1533,8,1017,508,26.3,58,3906988,1107753,80.1,3.3,28.35,37299,54.12,59.36,29.6,35.3,49.93,37.51,60.84,70.26,54.03,11.49,3.135,Republican
Iowa,2018,1100,3061200,0.04,129,296,27,215,54,54,39,1787109,488615,82.7,3.2,27.34,31559,58.37,58.53,34.86,39.3,55.59,37.68,63.36,75.48,59.71,8.92,2.407,Republican
Iowa,2019,1600,3085400,0.05,141,348,27,234,87,32.96,39,1786635,491768,83.1,3.2,27.52,33107,55.47,59.3,34.86,32.5,51.06,33.42,63.03,70.66,56.24,9.08,2.463,Republican
Iowa,2020,2300,3107300,0.07,188,487,27,308,152,30.63,39,1790603,502967,82.7,3.3,28.085,34411,60,62.65,33.07,35.65,49.07,36.91,64.52,70.81,58.23,8.97,2.497,Republican
Iowa,2021,3700,3110700,0.12,281,584,27,399,158,28.52,40,1794571,514165,82.3,3.4,28.65,35715,61.1,66.22,33.18,38.79,53.59,39.79,63.86,69.37,60.96,9.13,2.672,Republican
Iowa,2022,6200,3118200,0.2,305,659,4,420,235,28.47,40,1802353,543259,83.4,2.6,30.14,38917,55.82,64.03,31.92,36.66,48.15,35.88,61.39,69.53,56.78,9.57,2.846,Republican
Iowa,2023,9000,3153300,0.29,371,855,4,544,307,26.3,42,1794013,529724,83.2,2.5,29.53,39518,57.54,63.38,32.92,36.93,49.31,36.74,63.45,69.77,58.08,9.42,2.943,Republican
Kansas,2018,1700,2554800,0.07,198,783,6,711,66,54,12,1658244,512414,81,3.3,30.9,31456,57.08,57.12,35.29,40.2,55.35,41.48,63.16,74.86,60.41,10.72,2.309,Republican
Kansas,2019,2300,2583300,0.09,234,904,4,795,105,32.96,12,1652952,508557,81.6,3.3,30.77,32885,55.15,56.47,34.14,33.62,52.23,35.73,62.4,70.95,54.67,10.26,2.362,Republican
Kansas,2020,3100,2592200,0.12,246,950,3,826,121,30.63,12,1654173,523607,81,3.6,31.655,33956.5,60.43,59.55,31.72,38.52,50.52,39.97,63.02,70.48,59.25,10.38,2.395,Republican
Kansas,2021,4500,2592800,0.17,493,1017,14,893,110,28.52,12,1655394,538657,80.4,3.9,32.54,35028,60.55,62.88,32.13,40.14,53.77,40.84,60.24,67.85,59.44,10.47,2.562,Republican
Kansas,2022,7600,2604600,0.29,489,1045,14,878,153,28.47,12,1657175,534864,81.1,3.4,32.28,37919,56.06,62.29,31.09,39.19,50.14,39.06,60.19,69.2,57.13,11.47,2.729,Republican
Kansas,2023,11300,2621100,0.43,547,1196,14,960,222,26.3,12,1652132,540476,81.7,2.9,32.71,38361,57.45,62.03,32.15,39.18,51.15,39.87,62.57,69.56,58.21,10.8,2.822,Republican
Kentucky,2018,1200,3939400,0.03,114,221,8,164,49,54,24,2608766,602661,72.6,4.8,23.1,27823,50.44,54.17,29.25,35.25,52.11,37.29,59.28,73.94,55.61,8.52,2.331,Republican
Kentucky,2019,1900,3973600,0.05,133,315,8,247,60,32.96,24,2587967,609186,72.8,4.4,23.54,29029,48.22,54.27,28.57,28.53,49.71,30.94,55.8,69.29,48.6,8.61,2.385,Republican
Kentucky,2020,2600,3967200,0.07,168,383,8,307,68,30.63,25,2593181,633944,72.9,4.65,24.445,29878.5,52.03,56.96,26.7,32.47,48.25,35.8,57.43,69.2,52.3,8.58,2.418,Republican
Kentucky,2021,4200,4016500,0.1,225,532,24,403,105,28.52,25,2598395,658702,72.9,4.9,25.35,30728,53.15,59.41,28.22,36.36,52.04,37.97,55.66,66.36,54.83,9.12,2.588,Republican
Kentucky,2022,7600,3974600,0.19,256,629,24,494,111,28.47,25,2601742,683785,74.4,4,26.28,33980,47.97,57.57,27.38,34.81,47.48,36.17,55.42,66.81,51.57,10.51,2.756,Republican
Kentucky,2023,11600,4039700,0.29,328,849,24,617,208,26.3,26,2602706,684577,75,3.8,26.3,34676,48.8,57.41,28.42,34.63,48.57,36.69,57.48,67.59,52.25,9.96,2.85,Republican
Louisiana,2018,900,3794800,0.02,102,213,5,152,56,54,17,2714016,599821,72.4,5.9,22.1,27274,55.23,56.49,31.06,40.96,57.13,42.22,64.89,75.42,61.17,7.71,2.215,Republican
Louisiana,2019,1400,3808600,0.04,107,293,18,215,60,32.96,17,2696667,615845,72.4,5.2,22.84,28662,52.67,55.49,29.5,36.3,53.82,38.18,62.69,69.95,55.53,7.71,2.266,Republican
Louisiana,2020,2000,3821100,0.05,141,360,18,274,68,30.63,17,2677054,629323,72.4,6.3,23.515,29389.5,57.59,58.59,27.08,40.56,51.84,41.03,64.56,70.39,59.53,7.51,2.297,Republican
Louisiana,2021,3200,3820000,0.08,159,385,24,280,81,28.52,18,2657441,642800,72.3,7.4,24.19,30117,57.07,60.07,28.68,39.98,54.47,42.3,60.3,66.52,58.38,8.82,2.458,Republican
Louisiana,2022,5900,3792200,0.16,193,475,21,327,127,28.47,19,2631788,654595,73.8,5.3,24.87,32171,54.13,59.65,28.41,41.07,52.01,41.34,62.12,68.74,57.44,10.41,2.618,Republican
Louisiana,2023,8200,3774200,0.22,265,709,21,469,219,26.3,21,2601688,645238,74,4.6,24.8,34102,55.6,59.76,29.38,41.07,53.44,42.24,64.64,69.07,58.42,8.91,2.707,Republican
Maine,2018,800,1205600,0.07,151,264,7,201,56,54,16,781191,226506,79.3,3,28.99,32095,60.47,61.03,40.03,41.13,54.45,40.71,63.77,78.71,62.21,13.44,2.428,Democratic
Maine,2019,1300,1212400,0.11,184,433,25,298,110,32.96,16,779468,237597,79.4,3,30.48,34078,60.14,60.78,38.64,39.39,53.93,40.02,61.66,74.51,58.7,14.04,2.484,Democratic
Maine,2020,1900,1224000,0.16,220,518,25,367,126,30.63,16,787515,248948,78.8,3.7,31.6,36280.5,64.39,63.01,37.75,42.28,52.04,38.87,62.47,76.68,63.09,13.54,2.518,Democratic
Maine,2021,3000,1234700,0.24,301,639,24,480,135,28.52,18,795561,260299,78.2,4.4,32.72,38483,65.18,66.54,35.15,44.99,55.94,42.73,59.77,72.15,60.45,13.96,2.695,Democratic
Maine,2022,5000,1222000,0.41,412,869,25,665,179,28.47,19,797001,261241,79.1,3,32.78,41188,62.84,66.89,35.36,44.2,52.99,41.79,61.03,73.37,60.62,17.44,2.87,Democratic
Maine,2023,7400,1236000,0.6,486,1084,22,840,222,26.3,22,796747,271638,79.9,2.9,34.09,42936,64.48,67.17,37.08,44.1,53.94,42.78,64.24,74,62.3,20.84,2.967,Democratic
Maryland,2018,8400,4726400,0.18,665,1752,60,1428,264,54,55,3620466,1369463,81.9,4.6,37.83,41522,68.27,67,40.31,49.19,64.56,49.36,73.1,79.94,69.15,11.57,2.502,Democratic
Maryland,2019,13200,4744200,0.28,738,2110,52,1717,341,32.96,56,3595987,1368001,81.9,4.2,38.04,43325,66.52,67.91,42.26,47.47,63.54,47.98,72.23,76.51,69.31,11.24,2.56,Democratic
Maryland,2020,18000,4835900,0.37,884,2776,33,2269,474,30.63,57,3622246,1403129,81.6,4.95,38.73,44912.5,70.58,71.04,39.74,47.37,59.93,45.5,74.61,75.94,70.81,11.15,2.596,Democratic
Maryland,2021,25600,5051200,0.51,1257,3430,47,2796,587,28.52,65,3648504,1438256,81.2,5.7,39.42,46500,72.4,74.36,40.12,51.86,65.01,52.35,74.44,76.35,72.39,11.48,2.777,Democratic
Maryland,2022,46100,5066800,0.91,1384,3964,45,3222,697,28.47,66,3623239,1481450,82.4,3.7,40.89,49236,68.49,73.17,39.15,49.18,61.57,48.91,73.59,78.08,69.38,13.32,2.958,Democratic
Maryland,2023,72100,5060000,1.42,1726,5022,39,4054,929,26.3,67,3598506,1470676,82.8,3.7,40.87,50728,69.56,72.47,40.01,49.26,61.96,49.71,74.59,78.39,70.24,14.34,3.058,Democratic
Massachusetts,2018,10300,5298100,0.19,649,1794,36,1554,204,54,53,4188168,1749943,81.1,4.3,41.78,43349,69.55,67.79,43.32,48.05,60.53,46.44,71.28,80.85,68.52,18.5,2.411,Democratic
Massachusetts,2019,14100,5264200,0.27,811,2455,38,2131,286,32.96,54,4162623,1766622,82.4,3.7,42.44,46241,67.35,67.52,45.04,46.64,59.23,46.44,70.73,78.71,70,18.4,2.466,Democratic
Massachusetts,2020,21000,5389500,0.39,1038,3415,28,3050,337,30.63,55,4178540,1803554,82.2,4.95,43.16,47993.5,72.28,70.74,42.56,45.9,55.64,42.8,72.13,78.24,70.05,18.19,2.501,Democratic
Massachusetts,2021,30500,5423200,0.56,2176,4871,71,4370,430,28.52,66,4194456,1840485,81.9,6.2,43.88,49746,73.2,73.53,41.67,50.85,61.12,49.61,70.81,77.35,71.1,19.06,2.676,Democratic
Massachusetts,2022,49400,5422300,0.91,2406,5748,64,5096,588,28.47,68,4178856,1829800,81.9,3.8,43.79,54025,70.73,72.9,41.49,50.06,58.28,47.69,71.01,78.83,69.89,21.27,2.85,Democratic
Massachusetts,2023,73800,5491100,1.34,2965,7032,66,6300,666,26.3,75,4161612,1881293,82.9,3.7,45.21,55897,72.35,72.74,42.76,50.24,59.35,48.75,73.17,79.5,71.31,23.21,2.947,Democratic
Michigan,2018,4200,8698100,0.05,606,1382,103,1091,178,54,37,5839685,1606176,76.7,4.9,27.5,31508,61.54,59.24,36.72,43,57.46,42.5,70.21,79.85,61.03,11.4,2.617,Democratic
Michigan,2019,6600,8551500,0.08,616,1429,68,1123,228,32.96,37,5802992,1620524,77.3,4.7,27.93,32892,58.94,59.12,36.05,39.26,54.66,38.91,68.57,75.84,59.51,11.56,2.677,Democratic
Michigan,2020,10600,8484700,0.12,567,1605,48,1213,334,30.63,37,5805440,1674179,76.9,5.65,28.84,34122.5,63.68,62.11,34.06,41.25,52.54,40.6,68.44,75.88,61.95,12.21,2.715,Democratic
Michigan,2021,17500,8398200,0.21,817,1799,24,1373,392,28.52,44,5807888,1727833,76.5,6.6,29.75,35353,64.45,66.25,33.64,43.64,57.57,43.95,66.35,73.71,62.47,12.93,2.905,Democratic
Michigan,2022,33100,8445900,0.39,1149,2703,14,2153,526,28.47,44,5789361,1732598,77.7,4.4,29.93,38151,61.76,65.8,33.38,42.28,54.52,42.14,66.92,75.93,61.15,13.2,3.094,Democratic
Michigan,2023,50300,8525400,0.59,1447,3352,13,2629,703,26.3,45,5735546,1770434,78.2,4.1,30.87,38952,63.14,65.33,34.5,41.71,55.24,42.68,68.85,76.15,62.2,13.68,3.199,Democratic
Minnesota,2018,4900,5012200,0.1,318,788,140,531,117,54,115,3280145,1134795,84.3,3.2,34.6,37192,61.15,63.45,38.74,40.14,55.47,41.25,63.18,76.03,63.09,10.37,2.436,Democratic
Minnesota,2019,7700,5178900,0.15,380,1051,123,777,151,32.96,117,3271095,1158750,85,2.8,35.42,39025,60.63,63.88,38,37.26,53.67,37.77,62.69,72.14,58.72,10.33,2.492,Democratic
Minnesota,2020,10400,5199900,0.2,445,1218,120,897,201,30.63,119,3282079,1186690,84.6,3.65,36.15,40389,64.86,66.45,35.97,36.88,51.02,39.1,65.77,72.39,60.85,10.57,2.527,Democratic
Minnesota,2021,15000,5209500,0.29,586,1385,123,1027,235,28.52,124,3293062,1214630,84.1,4.5,36.88,41753,65.87,69.38,36.07,43.45,56.07,43.06,65.04,71.5,64.07,11.08,2.704,Democratic
Minnesota,2022,24300,5053400,0.48,601,1533,75,1180,278,28.47,126,3287676,1217882,84.2,2.9,37.04,45021,63.13,68.79,36.76,42.45,52.35,40.26,65.18,72.94,62.37,12.04,2.879,Democratic
Minnesota,2023,37100,5118500,0.72,773,1995,73,1484,438,26.3,128,3264485,1249751,85.1,2.7,38.28,46530,64.96,68.74,37.9,42.94,53.56,41.45,67.56,73.39,64.07,12.21,2.977,Democratic
Mississippi,2018,300,2593600,0.01,58,119,1,79,39,54,16,1707539,359708,70.7,6.6,21.07,24160,55.44,52.1,30.52,41.37,57.58,42.75,66.19,75.49,59.81,9.24,2.162,Republican
Mississippi,2019,500,2664300,0.02,81,292,58,178,56,32.96,16,1693649,336779,71.1,6.1,19.88,25301,50.06,50.76,28.53,34.29,54.62,37.41,63.28,70.92,54.83,9.28,2.212,Republican
Mississippi,2020,800,2714500,0.03,104,344,58,228,58,30.63,17,1682070,353056,71.2,6.2,20.995,26121,55.23,53.77,27.14,39.01,51.81,41.47,65.76,69.44,58.09,9.13,2.243,Republican
Mississippi,2021,1300,2729200,0.05,112,433,139,222,72,28.52,18,1670491,369332,71.2,6.3,22.11,26941,55.49,58.36,28.49,41.7,57.25,44.19,65.52,69.33,61.39,9.5,2.4,Republican
Mississippi,2022,2400,2719900,0.09,114,440,139,220,81,28.47,18,1659306,372287,72.2,4.4,22.44,29045,51.45,57.35,27.01,38.99,52.84,40.67,63.48,70.02,56.53,10.36,2.556,Republican
Mississippi,2023,3600,2723300,0.13,163,551,139,297,115,26.3,20,1656557,386963,73.4,4.3,23.36,30807,51.97,56.09,27.8,38.11,53.61,41.09,64.59,70.5,56.79,10.95,2.643,Republican
Missouri,2018,3500,5780400,0.06,409,1675,12,1520,143,54,53,3554111,994041,77.4,3.9,27.97,30498,56.58,58.3,34.7,39.32,54.08,39.43,62.39,76.33,61,9.93,2.318,Republican
Missouri,2019,4900,5743200,0.09,452,1895,11,1712,172,32.96,53,3543211,1017063,77.7,3.4,28.7,31756,54.32,58.06,33.13,33.58,52.01,35.86,61.33,70.54,54.66,9.68,2.371,Republican
Missouri,2020,6700,5554300,0.12,508,2060,9,1834,217,30.63,53,3536981,1039364,78,3.9,29.385,33174.5,60.34,60.99,32.17,37.47,50.3,38.62,64.13,72.27,58.6,9.64,2.404,Republican
Missouri,2021,10000,5557900,0.18,1047,2188,16,1936,236,28.52,57,3530751,1061665,78.3,4.4,30.07,34593,59.85,63.12,31.51,40.44,54.98,40.99,61.41,68.34,59.66,9.85,2.572,Republican
Missouri,2022,17900,5422400,0.33,1029,2216,14,1910,292,28.47,57,3534730,1066842,78.8,3.4,30.18,36640,55.97,61.43,30.26,39.18,50.71,38.95,60.96,69.56,56.81,10.26,2.74,Republican
Missouri,2023,26900,5626000,0.48,1240,2703,15,2248,440,26.3,57,3523313,1100990,80,3,31.25,38699,57.33,60.99,31.49,38.98,51.65,39.79,63.21,69.96,57.87,10.87,2.833,Republican
Montana,2018,500,976000,0.05,43,96,1,47,48,54,24,603344,172866,79.3,3.1,28.65,30680,56.64,56.06,38.21,38.92,52.08,37.69,61.66,72.6,59.42,8.84,2.577,Republican
Montana,2019,700,970100,0.07,55,137,3,77,57,32.96,24,602400,186283,79,3.5,30.92,32625,52.27,56.53,38.11,29.37,48.63,33.31,60.43,70.3,53.28,9.02,2.636,Republican
Montana,2020,900,970400,0.09,65,188,3,85,100,30.63,24,613409,192039,78.5,3.6,31.3,34322.5,57.68,60.6,36.43,33.5,46.23,36.16,61.19,68.75,55.6,9.13,2.673,Republican
Montana,2021,1600,989600,0.16,75,212,3,107,102,28.52,24,624418,197795,78,3.7,31.68,36020,58.98,63.98,35.67,37.18,51.73,38.65,60.25,68.22,59.94,9.5,2.86,Republican
Montana,2022,3300,999600,0.33,98,253,3,142,108,28.47,24,634500,199411,80.3,2.7,31.43,38329,55.67,62.28,34.57,36.4,46.03,36,59.25,68.8,56.63,9.97,3.046,Republican
Montana,2023,4600,1021700,0.45,126,347,3,180,164,26.3,25,639167,196020,79.8,2.6,30.67,40197,57.52,61.79,35.43,36.76,48.51,36.84,60.63,69.29,57.8,10.97,3.15,Republican
Nebraska,2018,900,1866000,0.05,78,195,8,129,58,54,17,1094875,333066,83.5,3,30.42,31771,55.44,56.65,34.89,37.84,53.74,38.12,60.58,74.31,59.42,9.02,2.455,Republican
Nebraska,2019,1300,1881100,0.07,95,238,7,169,62,32.96,17,1092193,343372,84.9,2.8,31.44,33272,51.73,55.48,33.42,30.11,51.09,33,59.9,70.16,53.04,9.08,2.512,Republican
Nebraska,2020,1800,1897900,0.09,115,287,7,212,68,30.63,17,1097687,351094,84.3,2.65,31.985,34749.5,58.4,59.3,32.08,35,49.69,37.02,63.56,70.68,57.29,8.97,2.547,Republican
Nebraska,2021,2700,1928700,0.14,182,377,7,290,80,28.52,18,1103181,358816,83.7,2.5,32.53,36227,58.26,62.52,31.92,37.8,52.12,39.25,61.53,67.98,59.31,8.84,2.725,Republican
Nebraska,2022,4600,1940200,0.24,214,446,0,340,106,28.47,19,1100621,351803,83.5,2,31.96,38997,54.77,61.51,31.06,36.87,48,36.8,60.8,68.85,56.55,8.83,2.902,Republican
Nebraska,2023,6900,1971200,0.35,260,554,1,400,153,26.3,19,1106920,367114,84.8,2.3,33.17,41436,56.28,61.22,31.91,36.91,49.33,37.47,62.73,69.01,57.53,9.14,3.001,Republican
Nevada,2018,5100,2352400,0.22,226,659,13,492,154,54,22,1801830,395986,77.7,5.1,21.98,31604,60.62,62.36,39.09,42.48,56.5,45.79,64.92,76.29,64.25,8.67,3.112,Democratic
Nevada,2019,7900,2403700,0.33,284,927,15,684,228,32.96,22,1821098,413130,78.1,4.5,22.69,33575,59.35,62.45,38.8,41.12,56.43,44.66,62.91,72.42,61.73,8.78,3.184,Democratic
Nevada,2020,11000,2411300,0.46,299,1166,12,860,294,30.63,23,1839868,436800,77.8,6.85,23.73,34254,63.85,65.3,36.95,43.21,52.85,44.43,64.8,72.99,63.98,8.33,3.228,Democratic
Nevada,2021,17400,2477400,0.7,451,1361,16,1001,344,28.52,23,1858637,460470,77.4,9.2,24.77,34933,64.55,68.42,36.3,46.35,59.16,48.09,63.22,71.17,65.33,8.58,3.454,Democratic
Nevada,2022,32900,2520700,1.31,478,1670,15,1227,428,28.47,23,1880197,449189,78.3,5.1,23.89,38183,60.11,65.99,34.29,44.27,54.35,46.1,62.44,71.86,62.08,10.94,3.679,Democratic
Nevada,2023,47400,2556100,1.85,596,1987,15,1348,624,26.3,23,1881744,490564,78.8,4.3,26.07,40463,61.34,65.61,35.27,44.33,56.22,47.07,64.35,72.33,63.12,13.09,3.804,Democratic
New Hampshire,2018,1200,1345000,0.09,126,228,10,171,47,54,31,810806,273218,81.8,3.4,33.7,39521,61.55,61.13,41.41,42.76,55.68,41.4,66.98,79.63,62.97,17.01,2.338,Democratic
New Hampshire,2019,1900,1367900,0.14,121,244,5,197,42,32.96,32,811267,280413,82.5,2.7,34.56,41241,59.36,60.61,41.24,38.57,54.45,36.97,65.27,75.92,62.25,17.15,2.392,Democratic
New Hampshire,2020,2700,1378600,0.2,131,291,5,215,71,30.63,32,819150,293454,82.2,3.1,35.81,43303,64.22,63.45,36.08,40.69,50.99,39.05,67.39,75.96,62.73,16.63,2.425,Democratic
New Hampshire,2021,4000,1378200,0.29,164,357,6,246,105,28.52,33,827033,306495,81.8,3.5,37.06,45365,65.81,67.5,36.7,44.25,56.33,42.89,65.95,73.48,64.18,17.37,2.595,Democratic
New Hampshire,2022,7000,1373700,0.51,201,466,6,322,138,28.47,34,825946,316170,81.7,2.4,38.28,49281,63.05,67.39,36.06,43.3,52.57,40.56,65.6,74.55,62.64,21.07,2.763,Democratic
New Hampshire,2023,9900,1383700,0.72,261,597,5,415,177,26.3,41,824809,314940,82.4,2.3,38.18,51587,64.77,67.11,37.59,43.11,53.52,41.42,67.7,75.01,64.03,22.96,2.857,Democratic
New Jersey,2018,13400,7151100,0.19,309,749,18,552,179,54,33,5305228,2073911,80.6,4.6,39.09,42815,67.33,67.52,38.53,46.94,63.74,48.61,73.24,81.7,69.5,13.23,2.43,Democratic
New Jersey,2019,20200,7242600,0.28,457,1297,17,975,305,32.96,34,5252188,2076227,81,4.4,39.53,44888,66.26,68.42,39.71,43.27,61.52,46.9,72.86,78.2,69.51,13.42,2.486,Democratic
New Jersey,2020,30400,7080100,0.43,553,1652,17,1205,430,30.63,35,5357576,2165599,80.8,6,40.405,46113,70.93,71.88,37.63,43.48,58.6,45.54,74.72,77.94,70.24,13.63,2.521,Democratic
New Jersey,2021,47800,7095100,0.67,749,2021,16,1450,555,28.52,42,5462964,2254970,80.6,7.6,41.28,47338,71.81,75.17,36.96,48.95,62.95,50.45,73.01,77.82,71.81,14.01,2.697,Democratic
New Jersey,2022,87000,7148700,1.22,938,2713,16,1952,745,28.47,45,5440078,2254136,81.8,4.8,41.44,51272,68.13,74.11,37.4,46.95,59.39,48.75,73.29,79.52,69.76,14.8,2.873,Democratic
New Jersey,2023,134800,7324100,1.84,1299,3723,16,2704,1003,26.3,49,5416974,2274359,82.5,4.4,41.99,52583,69,73.88,38.11,46.93,60.42,49.46,74.68,79.88,70.55,15.27,2.97,Democratic
New Mexico,2018,1300,1830400,0.07,70,181,25,87,69,54,32,1186864,274881,71.2,5.7,23.16,26529,61.03,65.03,42.93,42.55,57.36,47.59,62.38,75.54,65.59,9.35,2.35,Democratic
New Mexico,2019,1900,1857100,0.1,82,245,24,123,98,32.96,32,1185977,275109,72.8,5.1,23.2,28423,59.08,65.21,41.36,41.51,55.42,45.14,60.48,71.57,62.42,8.99,2.404,Democratic
New Mexico,2020,2600,1866000,0.14,120,376,24,226,126,30.63,32,1188320,291539,72.6,6.25,24.535,29733,63.47,67.09,39.74,40.66,53.65,44.81,63.06,72.04,64.97,9.33,2.438,Democratic
New Mexico,2021,4200,1903300,0.22,189,461,10,323,128,28.52,39,1190663,307969,72.3,7.4,25.87,31043,64.87,69.55,38.52,46.97,58.79,49.99,63.3,70.48,67.03,9.79,2.608,Democratic
New Mexico,2022,7100,1929400,0.37,211,528,10,359,159,28.47,40,1194313,314767,74.1,4.8,26.36,33916,59.38,67.48,35.06,43.04,54.02,46.22,60.64,70.1,62.42,10.02,2.778,Democratic
New Mexico,2023,10300,1952400,0.53,278,695,10,441,244,26.3,40,1188793,321193,75.1,4.8,27.02,35510,60.84,67.25,36.38,43.4,56.1,47.13,62.93,70.59,63.66,9.47,2.872,Democratic
New York,2018,15500,11483600,0.13,1157,2562,53,2189,320,54,67,11754335,4145049,77.8,4.7,35.26,38884,70.76,67.99,39.69,47.89,65.51,48.77,74.48,80.48,70.8,14.83,2.513,Democratic
New York,2019,23000,11497200,0.2,1655,4531,25,4000,506,32.96,71,11634114,4176972,78.6,4.2,35.9,41857,68.33,67.86,42.94,45.76,64,50.46,74.94,78.97,71.52,14.34,2.571,Democratic
New York,2020,32600,11467900,0.28,2036,6134,21,5456,657,30.63,72,11691979,4318171,78.2,6.35,36.925,42467.5,73.79,70.95,40.37,44.38,59.95,46.43,75.72,78.37,71.54,14.87,2.607,Democratic
New York,2021,51900,11377800,0.46,2983,7646,42,6749,855,28.52,87,11749844,4459370,77.8,8.5,37.95,43078,73.6,73.89,39.92,51.09,64.25,52.56,73.4,78.19,73.35,16.11,2.789,Democratic
New York,2022,84700,11306300,0.75,3326,9535,41,8330,1164,28.47,89,11626637,4409174,78.5,4.9,37.92,47421,69.74,72.52,38.24,48.66,60.76,51.33,73.51,80.11,70.97,18.33,2.97,Democratic
New York,2023,131300,11318600,1.16,3898,11114,38,9717,1359,26.3,91,11481964,4471107,79.3,4.7,38.94,48847,70.45,71.89,38.84,48.53,61.76,51.89,75.02,80.65,71.58,18.28,3.071,Democratic
North Carolina,2018,7300,8480900,0.09,666,1488,36,1235,217,54,51,6095898,1812964,77.1,4.5,29.74,30737,59.28,60.04,35.86,43.57,59.08,44.56,67.43,77.68,62.71,9.25,2.383,Republican
North Carolina,2019,11600,8663300,0.13,732,1903,28,1592,283,32.96,53,6125270,1845777,77.2,4.2,30.13,32021,58.26,60.42,35.39,39.38,57.25,40.22,65.52,73.42,59.88,9.45,2.438,Republican
North Carolina,2020,16200,8783700,0.18,813,2267,29,1925,313,30.63,54,6140032,1923062,77.3,4.85,31.315,33637.5,62.53,63.32,32.89,42.88,54.66,41.85,68.29,73.04,62.45,9.43,2.472,Republican
North Carolina,2021,25200,8912800,0.28,1120,2789,44,2250,495,28.52,57,6154794,2000346,77.3,5.5,32.5,35254,62.62,66.26,34.11,44.89,59.44,45.79,66.27,71.51,64.03,9.29,2.645,Republican
North Carolina,2022,45600,8970300,0.51,1166,3040,37,2312,691,28.47,59,6244237,2072271,78.3,3.5,33.19,38701,60.15,65.73,33.55,43.35,56.4,43.81,66.5,73.22,61.95,9.6,2.817,Republican
North Carolina,2023,70200,9085500,0.77,1595,4204,37,3188,979,26.3,61,6296112,2155719,78.9,3.7,34.24,40414,61.26,65.17,34.76,43.35,56.78,44.39,67.82,73.52,62.74,10.61,2.913,Republican
North Dakota,2018,100,772500,0.01,20,28,0,28,0,54,13,446936,122477,83.9,2.5,27.4,34848,50.7,50.46,33.34,32.85,49.83,34.44,52.63,72.92,56.25,8.91,2.424,Republican
North Dakota,2019,200,778800,0.03,28,46,0,46,0,32.96,13,445017,124809,85.1,2.4,28.05,36611,45.74,48.96,32.57,25.59,45.75,28.96,52.67,69.07,46.61,8.85,2.48,Republican
North Dakota,2020,200,781600,0.03,42,101,0,58,43,30.63,13,444420,127358,84.1,2.65,28.66,36554,52.29,51.74,29.89,30.57,46.06,33.77,54.92,67.62,51.06,8.53,2.515,Republican
North Dakota,2021,400,776800,0.05,61,139,0,81,58,28.52,13,443822,129906,83,2.9,29.27,36497,52.11,54.23,29.5,31.6,46.64,33.91,53.35,63.16,52,8.65,2.691,Republican
North Dakota,2022,600,785500,0.08,80,172,0,111,61,28.47,13,442366,130597,84.3,1.9,29.52,41800,46.37,53.43,27.83,30.16,41.8,30.98,51.19,62.19,48.04,8.42,2.866,Republican
North Dakota,2023,1000,797400,0.13,98,209,0,121,88,26.3,14,445316,140873,85.9,2.4,31.63,42814,48.42,53.21,28.7,30.59,43.51,31.58,54.02,62.4,49.35,8.03,2.963,Republican
Ohio,2018,6400,10254200,0.06,441,949,27,720,202,54,32,6783513,1864052,78.3,4.5,27.48,31293,58.05,57.49,34.65,39.34,55.74,40.59,65.74,78.57,59.41,9.94,2.561,Republican
Ohio,2019,10200,10336000,0.1,544,1443,20,1140,283,32.96,32,6750033,1873907,78.6,4.1,27.76,32780,55.8,57.77,33.41,35.19,54.36,36.97,63.57,72.48,56.02,9.58,2.62,Republican
Ohio,2020,14500,10336400,0.14,656,1845,22,1441,382,30.63,32,6756485,1925862,78.4,4.65,28.5,33949.5,61.08,61.2,31.3,38.52,51.5,38.79,65.94,74.77,59.36,9.44,2.657,Republican
Ohio,2021,21200,10396200,0.2,957,2224,33,1826,365,28.52,34,6762937,1977817,78.1,5.2,29.24,35119,61.46,64.38,31.73,41.05,56.5,41.79,63.13,70.9,59.76,9.76,2.843,Republican
Ohio,2022,34100,10278300,0.33,1247,2818,40,2336,442,28.47,34,6728904,2042704,79,3.5,30.36,37932,57.41,63.16,30.62,39.3,52.65,39.92,63.24,72.67,57.29,10.64,3.028,Republican
Ohio,2023,50400,10317300,0.49,1586,3653,41,2864,748,26.3,34,6693511,2054395,79.8,3.8,30.69,39395,58.92,62.6,31.89,38.97,53.43,40.34,65.48,73.07,58.32,11.04,3.131,Republican
Oklahoma,2018,3700,4126000,0.09,65,167,9,116,42,54,23,2254379,515808,74.7,4,22.88,28011,51.13,54.19,32.37,38.35,53.52,39.2,61.58,73.29,58.63,8.09,2.26,Republican
Oklahoma,2019,3400,4147800,0.08,131,309,9,222,78,32.96,24,2254095,529068,74.9,4,23.47,29666,47.09,53.25,30.44,30.28,50.37,34.35,59.04,68.7,50.78,7.86,2.312,Republican
Oklahoma,2020,3400,4001700,0.08,263,693,7,340,346,30.63,24,2263494,545930,75.1,4.8,24.115,29817.5,53.35,55.82,27.9,37.58,47.66,38.88,60.64,68.4,55.27,7.63,2.344,Republican
Oklahoma,2021,7100,4124100,0.17,313,1089,11,414,664,28.52,29,2272893,562791,75.3,5.6,24.76,29969,53.53,59.93,29.69,38.09,53.87,39.98,57.68,65.67,56.92,8.52,2.508,Republican
Oklahoma,2022,16300,4249900,0.38,340,1093,8,457,628,28.47,29,2288709,584407,75.3,3.9,25.53,32930,49.99,57.76,27.72,37.64,49.06,38.68,57.33,66.52,53.94,10.05,2.672,Republican
Oklahoma,2023,22800,4287900,0.53,358,1363,6,514,843,26.3,30,2291172,588886,75.9,4.2,25.7,34206,51.34,57.01,28.72,37.74,50.28,39.32,59.97,66.86,54.72,9.3,2.762,Republican
Oregon,2018,13800,3843700,0.36,669,1544,85,1186,273,54,83,2477756,766637,77.9,4.5,30.94,34058,61.98,66.45,44.38,44.92,56.25,44.42,66.43,77.96,65.57,8.85,3.167,Democratic
Oregon,2019,18800,3815100,0.49,722,1895,79,1502,314,32.96,83,2486768,782560,78.3,4.5,31.47,35531,60.54,66.7,45.72,45.26,56.58,44.62,63.88,73.85,63.55,8.81,3.24,Democratic
Oregon,2020,22800,3692600,0.62,745,2121,66,1622,433,30.63,84,2491012,806246,77.9,5.3,32.365,37253,65.82,69.32,43.59,46.2,53.3,41.79,64.94,74.78,65.18,8.82,3.285,Democratic
Oregon,2021,30300,3784800,0.8,994,2433,86,1915,432,28.52,92,2495255,829932,77.4,6.1,33.26,38975,67.21,72.67,41.36,48.93,58.69,47.11,63.63,72.16,65.83,8.95,3.515,Democratic
Oregon,2022,47000,3779800,1.24,1009,2475,75,1921,479,28.47,94,2486673,827222,79,4,33.27,42474,65.9,71.64,41.38,49.64,56.06,46.61,64.87,74.38,65.49,9.26,3.744,Democratic
Oregon,2023,64400,3832700,1.68,1263,3190,74,2326,790,26.3,98,2476158,862700,79.5,3.7,34.84,44623,66.83,71.41,42.82,49.97,57.47,47.98,67.02,74.88,66.58,10.32,3.871,Democratic
Pennsylvania,2018,8000,10003000,0.08,453,985,9,776,200,54,46,7474664,2292722,78.6,4.5,30.67,33960,60.75,60.2,35.27,40.63,57.39,42.76,67.83,78.87,63.33,10.1,2.723,Democratic
Pennsylvania,2019,12000,10075600,0.12,572,1475,25,1203,247,32.96,47,7436372,2315847,78.7,4.2,31.14,35804,57.42,60.09,34.8,37.37,56.47,40.48,66.76,75.75,61.61,9.81,2.785,Democratic
Pennsylvania,2020,17500,10225900,0.17,757,2054,31,1698,325,30.63,47,7459116,2404132,78.7,5.15,32.225,37059.5,63.73,64.16,33.41,40.81,53.85,40.88,69.21,75.78,63.81,9.7,2.824,Democratic
Pennsylvania,2021,26800,10277200,0.26,1148,2688,50,2151,487,28.52,57,7481859,2492416,78.6,6.1,33.31,38315,63.88,67.29,32.99,42.57,57.96,43.85,66.42,72.9,63.96,9.97,3.022,Democratic
Pennsylvania,2022,47400,10165300,0.47,1326,3251,51,2496,704,28.47,59,7441870,2516338,79.5,4,33.81,41489,61.34,66.09,32.93,40.53,54.3,42.39,67.05,74.65,62.51,11.86,3.218,Democratic
Pennsylvania,2023,70200,10211000,0.69,1712,4293,51,3245,997,26.3,60,7371987,2512385,80,4,34.08,42605,62.25,65.22,33.73,39.93,55.1,42.99,68.75,75.03,63.36,12.57,3.328,Democratic
Rhode Island,2018,700,883400,0.08,89,246,21,205,20,54,27,633571,199152,79.5,5.2,31.43,34999,63.77,64.98,41.15,43.44,57.1,45,67.04,79.49,64.42,18.1,2.404,Democratic
Rhode Island,2019,1100,886600,0.12,113,407,79,305,23,32.96,27,633964,205345,80.4,3.7,32.39,37525,63.08,64.9,39.88,44.61,56.59,43.06,65.25,75.99,64.55,18.49,2.46,Democratic
Rhode Island,2020,1600,883100,0.18,148,550,79,433,38,30.63,27,642187,212081,80.5,5.45,33.015,38953.5,67.56,67.19,38.78,43.69,54.22,42.33,68.91,77.03,67.04,18.54,2.494,Democratic
Rhode Island,2021,2500,881600,0.28,255,628,82,509,37,28.52,28,650409,218816,80.6,7.2,33.64,40382,68.38,69.69,36.66,47.46,57.97,46.71,66.05,73.94,65.97,18.44,2.669,Democratic
Rhode Island,2022,4300,872000,0.49,297,783,82,627,74,28.47,29,648199,239678,80.8,4.3,36.98,44538,63.22,67.8,34.76,45.7,55.2,44.62,65.28,74.53,63.57,19.3,2.842,Democratic
Rhode Island,2023,6400,877600,0.73,317,817,82,644,91,26.3,29,645295,236597,80.9,4.2,36.66,46525,64.54,67.65,36.27,45.3,56,45.36,67.51,74.94,64.67,21.62,2.939,Democratic
South Carolina,2018,2000,4604500,0.04,270,554,4,463,87,54,37,2925399,752074,75.8,4.9,25.71,28957,57.04,57.36,35.21,41.89,60.14,42.91,66.89,75.97,62,9.67,2.29,Republican
South Carolina,2019,3000,4692100,0.06,286,643,3,547,93,32.96,37,2949084,791368,76.1,4.3,26.83,31295,54.23,57.63,33.15,36.04,56.88,38.45,65.06,72.36,57.7,10.02,2.343,Republican
South Carolina,2020,4400,4772400,0.09,309,734,3,610,121,30.63,37,2953370,823287,75.8,4.8,27.87,32317,59.54,60.52,31.25,39.52,54.76,41.92,65.98,71.89,60.73,9.9,2.375,Republican
South Carolina,2021,7400,4865400,0.15,385,870,17,675,178,28.52,38,2957656,855205,75.4,5.3,28.91,33339,59.73,64.64,31.58,43.34,59.04,44.51,64.25,69.35,61.93,9.96,2.542,Republican
South Carolina,2022,13500,4944700,0.27,413,978,18,697,263,28.47,38,3008187,893972,77.1,3.9,29.72,36675,55.48,62.62,30.17,40.61,54.47,41.83,62.9,70.25,57.88,10.74,2.707,Republican
South Carolina,2023,20900,5042400,0.41,559,1374,15,906,453,26.3,38,3045610,922103,77.7,3.8,30.28,38097,56.32,61.85,31.15,40.31,54.87,42.18,64.19,70.45,58.31,10.5,2.799,Republican
South Dakota,2018,200,919800,0.02,33,77,0,33,44,54,17,495283,132893,82.4,2.7,26.83,29953,56.11,54.33,34.63,38.48,53.97,37.97,64.53,75.53,60.09,9.97,2.486,Republican
South Dakota,2019,300,915200,0.03,41,127,0,75,52,32.96,17,491918,136661,83,2.8,27.78,31550,52.39,53.08,33.01,30.07,50.53,34.39,64.06,71.38,53.56,9.96,2.543,Republican
South Dakota,2020,400,925000,0.04,45,133,0,79,54,30.63,17,491368,141119,82.8,2.7,28.72,33342.5,58.7,57.04,31,36.59,47.79,37.37,64.72,70.87,57.12,10.06,2.579,Republican
South Dakota,2021,700,925100,0.08,58,160,2,91,67,28.52,18,490818,145577,82.5,2.6,29.66,35135,58.65,62.12,31.77,38.59,54.14,39.49,63.21,68.49,60,10.43,2.759,Republican
South Dakota,2022,1200,945100,0.13,69,176,2,96,78,28.47,18,500281,146233,83,2.5,29.23,37618,53.81,60.04,29.92,36.82,48.16,36.61,60.93,68.86,55.7,10.44,2.939,Republican
South Dakota,2023,1700,918000,0.19,98,232,2,127,103,26.3,19,503838,155109,83.1,2.2,30.79,40263,54.81,58.76,30.62,36.53,48.94,37.05,62.33,68.86,56.17,10.49,3.039,Republican
Tennessee,2018,3900,5931800,0.07,458,1145,29,951,165,54,12,3973372,1021392,75.3,5.1,25.71,29284,53.66,54.56,30.86,39.26,56.79,40.59,65.22,74.27,57.34,9.58,2.23,Republican
Tennessee,2019,5700,6089500,0.09,453,1207,35,995,177,32.96,12,3998664,1085458,76,4.2,27.15,31224,49.7,54.02,29.54,31.43,52.58,35.21,61.67,69.7,52.39,9.69,2.281,Republican
Tennessee,2020,7800,6186800,0.13,494,1345,35,1122,188,30.63,13,4034614,1122255,75.9,4.6,27.81,32564,55.07,57.5,26.94,36.87,49.96,39.55,62.76,70.78,55.62,9.52,2.313,Republican
Tennessee,2021,12200,6234200,0.2,685,1637,34,1369,234,28.52,13,4070563,1159051,75.7,5,28.47,33904,55.53,61.02,29.25,40.8,56.69,41.81,60.53,68.13,58.77,9.78,2.475,Republican
Tennessee,2022,22000,6422600,0.34,695,1683,33,1384,266,28.47,13,4122277,1198362,77.2,3.2,29.07,36704,51.86,59.13,28.01,39.33,52.31,40.42,60.56,69.57,55.75,10.89,2.636,Republican
Tennessee,2023,33200,6538800,0.51,918,2225,34,1712,479,26.3,13,4145660,1238980,77.6,3.7,29.89,38538,52.32,57.96,29.09,38.75,52.73,40.87,62.1,70.34,56.09,10.69,2.726,Republican
Texas,2018,24500,22972500,0.11,1180,3138,98,2615,425,54,98,16866183,4614669,76.9,4.5,27.36,30641,58.87,62.28,35.35,44.8,58.53,46.83,66.02,76.05,65.09,8.48,2.237,Republican
Texas,2019,38400,24091300,0.16,1376,4009,107,3275,627,32.96,100,17017871,4753313,77.6,4,27.93,32267,55.8,62.02,34.66,40.95,57.09,42.76,64,70.95,62.1,8.6,2.288,Republican
Texas,2020,52200,24508900,0.21,1579,4807,82,3988,737,30.63,100,17181534,4992690,77.6,4.95,29.045,33492,61.27,64.65,33.03,42.7,54.09,45.14,64.9,71.57,64.9,8.36,2.32,Republican
Texas,2021,80900,24713900,0.33,2320,5501,112,4472,917,28.52,111,17345197,5232066,77.6,5.9,30.16,34717,62.21,67.53,32.7,46.96,59.92,49.02,63.97,69.51,65.47,9.14,2.482,Republican
Texas,2022,149000,25346000,0.59,2471,6332,96,4825,1411,28.47,113,17706100,5442080,78.6,4,30.74,38123,58.26,65.75,31.91,44.62,55.64,46.57,62.87,70.48,62.37,10.16,2.644,Republican
Texas,2023,230100,25796600,0.89,3104,8637,83,6297,2257,26.3,113,17924365,5589937,79.3,4,31.19,39775,59.93,65.5,33.05,45.16,57.23,47.69,66.15,71.19,63.67,10.04,2.734,Republican
Utah,2018,5600,2705100,0.21,196,553,2,434,117,54,23,1781379,534780,79.6,2.8,30.02,29756,56.87,56.5,39.12,39.62,53.15,39.07,61.82,73.61,62.12,8.21,2.688,Republican
Utah,2019,8000,2807700,0.28,289,950,2,785,163,32.96,23,1813773,547322,81.2,2.6,30.18,31771,53.32,57.22,38.54,31.29,49.89,35.7,60.51,69.51,56.8,8.24,2.75,Republican
Utah,2020,11200,2879700,0.39,444,1606,2,1397,207,30.63,23,1858340,577896,80.8,2.95,31.08,33495.5,58.88,59.5,35.62,35.87,47.79,37.79,60.37,69.96,57.96,8.27,2.788,Republican
Utah,2021,16500,2937700,0.56,909,1980,17,1724,239,28.52,27,1902907,608470,80.3,3.3,31.98,35220,58.98,63.23,35.45,39.3,53.05,40.52,58.35,67.72,59.96,8.34,2.983,Republican
Utah,2022,28000,2997500,0.93,780,1853,17,1580,256,28.47,27,1938728,635468,81.7,2.3,32.78,38514,56.28,61.58,34.1,38.68,48.31,39.31,58.37,69.04,57.52,8.8,3.177,Republican
Utah,2023,40000,3076200,1.3,893,2185,15,1838,332,26.3,27,1960743,657087,82.4,2.9,33.51,40096,57.9,61.1,35.07,39,50.79,40.18,60.11,69.76,58.52,9.03,3.285,Republican
Vermont,2018,1100,614200,0.18,209,535,62,416,57,54,29,365428,128942,81.4,3.5,35.29,33956,66.87,65.19,41.73,44.09,56.66,43.17,68.71,81.12,66.29,15.13,2.502,Democratic
Vermont,2019,1700,612500,0.28,237,664,75,542,47,32.96,31,363480,127285,81.4,3.2,35.02,35702,65.02,65,42.33,45.01,55.99,41.83,67.52,77.25,67.36,15.36,2.56,Democratic
Vermont,2020,2200,605200,0.36,264,793,71,652,70,30.63,31,369387,139723,81.3,3.65,37.78,37859,68.85,67.6,40.71,42.7,52.99,39.79,68.82,77.63,67.57,16.33,2.596,Democratic
Vermont,2021,3400,602400,0.56,329,878,71,732,75,28.52,53,375293,152160,81.2,4.1,40.54,40016,70.72,71.21,39.09,48.4,57.57,45.96,67.99,75.71,67.21,16.34,2.777,Democratic
Vermont,2022,5300,595000,0.89,351,898,35,758,105,28.47,54,371621,148466,81.9,2.4,39.95,42251,67.6,70.95,39.6,46.4,54.24,42.73,67.06,76.32,65.55,16.99,2.958,Democratic
Vermont,2023,7800,593100,1.32,381,978,21,838,119,26.3,61,368533,149859,82.7,2.4,40.66,46029,69.06,70.85,40.92,46.3,55.2,43.66,69.22,76.62,66.98,17.53,3.058,Democratic
Virginia,2018,9900,7694500,0.13,615,1446,95,1100,251,54,33,5083498,1855841,79.5,3.9,36.51,38900,63,63.4,39.13,44.96,61.84,46.07,69.88,78.22,65.58,9.48,2.46,Democratic
Virginia,2019,15000,7773500,0.19,710,2056,124,1592,340,32.96,33,5073722,1874676,80.1,3.6,36.95,40635,62.14,64.53,39.33,41.34,59.54,44.02,68.41,73.4,63.64,9.52,2.517,Democratic
Virginia,2020,20500,7697200,0.27,814,2531,126,1876,529,30.63,36,5092230,1934998,80,4.05,37.995,42195.5,66.11,66.93,38.05,44.1,56.31,43.7,70.82,73.78,65.77,9.16,2.552,Democratic
Virginia,2021,30700,7613600,0.4,1139,3302,244,2295,763,28.52,40,5110738,1995320,79.9,4.5,39.04,43756,67.31,70.14,37.52,47.56,61.2,47.91,69.15,73.24,67.59,9.14,2.731,Democratic
Virginia,2022,56600,7642100,0.74,1221,3643,237,2522,884,28.47,43,5119025,1997799,80.4,3.3,39.03,47199,64.33,69.39,36.75,46.1,57.95,45.87,69.64,75.32,65.58,10.75,2.908,Democratic
Virginia,2023,84900,7723500,1.1,1562,4565,226,3235,1104,26.3,43,5101173,2019008,80.6,3.4,39.58,48689,65.31,68.79,37.89,46.15,58.5,46.55,70.71,75.61,66.28,10.68,3.007,Democratic
Washington,2018,30200,6644500,0.45,961,2573,171,2085,317,54,73,4526253,1517004,78.8,3.9,33.52,39119,63.69,66.41,44.62,45.74,58.24,45.9,68.73,77.29,66.46,8,3.461,Democratic
Washington,2019,40400,6699400,0.6,1095,3206,178,2541,487,32.96,73,4558461,1539831,79.5,4.1,33.78,41521,62.8,66.41,46.62,43.79,57.59,44.94,66.49,73.2,65.17,8.04,3.541,Democratic
Washington,2020,50500,6832100,0.74,1235,3817,161,3011,645,30.63,73,4594813,1598472,79,4.8,34.78,43849,67.36,69.59,43.7,46.45,53.71,42.85,68.4,74.49,65.66,8.33,3.591,Democratic
Washington,2021,66800,6890500,0.97,1773,4325,217,3392,716,28.52,78,4631164,1657113,78.4,5.5,35.78,46177,69.41,73.38,42.8,49.26,59.36,48.12,67.7,73,68.29,8.75,3.842,Democratic
Washington,2022,104100,6802500,1.53,1784,4533,209,3511,813,28.47,79,4660421,1695565,79.9,3.8,36.38,50764,66.96,72.74,42.35,49.86,56.47,46.96,68.23,75.36,67.42,9.05,4.092,Democratic
Washington,2023,152100,6816100,2.23,2202,5817,165,4578,1074,26.3,81,4647190,1739254,80.7,4.1,37.43,52011,68.1,72.24,43.59,50.18,58.01,48.28,69.92,75.87,68.49,9.58,4.231,Democratic
West Virginia,2018,200,1515200,0.01,89,212,9,150,53,54,8,1033325,206678,68.3,5.4,20,26179,46.35,48.53,30.3,32.6,51.21,34.35,54.03,71.69,53.55,8.72,2.532,Republican
West Virginia,2019,400,1498300,0.03,89,244,9,175,60,32.96,8,1020022,205833,69.6,5.7,20.18,27446,44.49,49.06,29.05,24.81,48.99,29.27,51.77,68.72,44.14,8.49,2.59,Republican
West Virginia,2020,600,1482700,0.04,93,258,9,189,60,30.63,8,1014608,217296,69,5.8,21.425,28820.5,48.91,52.87,27.74,31.5,47.28,33.83,56.24,68.98,49.58,8.75,2.627,Republican
West Virginia,2021,1000,1485700,0.07,110,306,18,210,78,28.52,8,1009194,228758,68.4,5.9,22.67,30195,49.26,55.05,27.72,29.6,47.2,32.92,52.19,62.75,49.87,8.87,2.811,Republican
West Virginia,2022,1900,1488900,0.13,137,385,19,259,107,28.47,8,1000729,235223,69.2,4.5,23.51,31922,42.31,52.47,25.19,28.67,42.84,31.17,51.22,62.53,45.9,9.74,2.993,Republican
West Virginia,2023,2800,1510900,0.19,155,446,19,286,141,26.3,8,991037,223641,71.7,4.2,22.57,32766,43.81,51.97,26.22,29.01,44,31.39,53.06,62.84,46.56,10.26,3.095,Republican
Wisconsin,2018,3700,5512200,0.07,306,557,90,359,108,54,37,3400346,955330,81.6,2.9,28.1,33032,60.48,61.47,34.84,39.46,54.01,39.91,67.22,78.5,60.46,10.58,2.407,Democratic
Wisconsin,2019,4700,5563900,0.08,345,711,78,492,141,32.96,38,3381964,1000629,81.9,2.9,29.59,34568,58.73,62.11,35.46,35.74,51.82,36.84,65.7,74.09,58.03,10.66,2.463,Democratic
Wisconsin,2020,6300,5570800,0.11,381,828,76,605,147,30.63,38,3395814,1019532,81.5,3.15,30.025,35894.5,62.47,64.22,32.16,37.06,49,37.77,65.71,73.65,58.55,10.82,2.497,Democratic
Wisconsin,2021,9300,5519900,0.17,475,961,80,687,194,28.52,46,3409664,1038434,81.1,3.4,30.46,37221,63.33,67.15,33.16,42.2,54.06,42.43,64.46,72.36,61.55,11.01,2.672,Democratic
Wisconsin,2022,15700,5476200,0.29,470,1101,6,824,271,28.47,46,3393120,1056108,81.9,2.6,31.12,40188,59.72,65.79,33.29,39.63,50.62,39.52,63.83,73.72,58.81,11.95,2.846,Democratic
Wisconsin,2023,24900,5529000,0.45,577,1398,7,977,414,26.3,47,3378349,1079657,82.5,2.5,31.96,41785,61.32,65.44,34.39,39.36,51.89,40.03,66.09,74.02,60.05,12.72,2.943,Democratic
Wyoming,2018,200,623600,0.03,45,121,4,53,64,54,14,329459,81612,80.5,3.4,24.77,33522,48.65,49.08,34.54,32.26,48.71,34.15,51.72,71.15,55,8.09,2.577,Republican
Wyoming,2019,200,630800,0.03,57,159,4,90,65,32.96,16,328824,82718,80.1,3.1,25.16,34104,43.17,48.55,34.93,23.21,46.33,28.25,50.41,68.44,44.46,8.1,2.636,Republican
Wyoming,2020,300,638300,0.05,61,172,2,93,77,30.63,17,328034,84228,80.5,3.15,25.68,35630,49.7,51.62,32.7,28.47,45.67,34.18,55.2,66.47,49.27,8.27,2.673,Republican
Wyoming,2021,500,643300,0.08,70,184,6,101,77,28.52,17,327243,85738,80.8,3.2,26.2,37156,49.34,53.9,31.65,28.86,45.05,32.91,52.71,62.29,52.42,8.25,2.86,Republican
Wyoming,2022,800,644400,0.12,86,214,6,114,94,28.47,17,328690,89499,81.4,3.6,27.23,38114,46.03,53.54,29.62,29.26,40.09,31.09,52.29,62.73,49.27,8.24,3.046,Republican
Wyoming,2023,1100,652900,0.17,103,252,4,140,108,26.3,17,326326,87914,80.5,2.5,26.94,39966,48.06,52.65,30.24,29.69,43.01,31.57,53.68,63.07,50.14,8.39,3.15,Republican
